gutenberg.id,title,author,gutenberg.author.id,gutenberg.bookshelf,flesch.value,flesch.grade,level,average.goodreads.rating
17621,One Day More: A Play In One Act,"Conrad, Joseph",125,One Act Plays,90.41836266,5,A1,2.9
28554,Beyond Lies the Wub,"Dick, Philip K.",33399,Science Fiction,90.43119116,5,A1,3.81
28644,Beyond the Door,"Dick, Philip K.",33399,Science Fiction,93.40123534,5,A1,3.06
32032,Second Variety,"Dick, Philip K.",33399,Science Fiction,91.1752814,5,A1,3.96
41562,The Hanging Stranger,"Dick, Philip K.",33399,Science Fiction,91.91992121,5,A1,3.9
30255,The Skull,"Dick, Philip K.",33399,Science Fiction,90.92878815,5,A1,4.14
15492,A Doll's House,"Ibsen, Henrik",861,Best Books Ever Listings,91.35694956,5,A1,3.69
557,Puck of Pook's Hill,"Kipling, Rudyard",132,Children's Literature/Scouts,90.37543195,5,A1,3.89
20288,Edward the Second,"Marlowe, Christopher",410,Harvard Classics,92.46889239,5,A1,3.82
1794,King Lear,"Shakespeare, William",65,Best Books Ever Listings,93.83914474,5,A1,3.9
1533,Macbeth,"Shakespeare, William",65,Opera,90.88810691,5,A1,3.88
1122,"The Tragedy of Hamlet, Prince of Denmark","Shakespeare, William",65,Best Books Ever Listings,91.90295646,5,A1,4.25
1128,The Tragedy of King Lear,"Shakespeare, William",65,Best Books Ever Listings,93.8363222,5,A1,3.6
1112,The Tragedy of Romeo and Juliet,"Shakespeare, William",65,Italy,95.30671376,5,A1,4.43
2787,An Old-Fashioned Girl,"Alcott, Louisa May",102,Children's Literature,81.0844719,6,A2,4.05
163,Flower Fables,"Alcott, Louisa May",102,Children's Literature,81.89406103,6,A2,3.44
2788,Little Men,"Alcott, Louisa May",102,School Stories/Children's Literature,81.45962836,6,A2,3.84
5352,Marjorie's Three Gifts,"Alcott, Louisa May",102,Children's Literature,80.57345286,6,A2,3.59
8188,The Mysterious Key and What It Opened,"Alcott, Louisa May",102,Children's Literature,80.69240209,6,A2,3.49
3795,Under the Lilacs,"Alcott, Louisa May",102,Children's Literature,80.86826859,6,A2,3.72
1237,Father Goriot,"Balzac, Honoré de",251,Harvard Classics/Best Books Ever Listings,80.71123962,6,A2,3.79
7958,The Napoleon of the People,"Balzac, Honoré de",251,France,81.06818648,6,A2,3.33
16,Peter Pan,"Barrie, J. M. (James Matthew)",10,Movie Books/Children's Literature,85.90622508,6,A2,4.1
4357,American Fairy Tales,"Baum, L. Frank (Lyman Frank)",42,"Children's Myths, Fairy Tales, etc./Children's Literature",81.61972777,6,A2,3.63
25519,Little Wizard Stories of Oz,"Baum, L. Frank (Lyman Frank)",42,Children's Literature,81.52680584,6,A2,3.77
22225,Mary Louise in the Country,"Baum, L. Frank (Lyman Frank)",42,Children's Book Series/Children's Literature,81.895564,6,A2,3.45
5312,Mother Goose in Prose,"Baum, L. Frank (Lyman Frank)",42,Children's Literature/Children's Picture Books,82.56419092,6,A2,3.7
486,Ozma of Oz,"Baum, L. Frank (Lyman Frank)",42,Fantasy/Children's Literature,81.98284637,6,A2,3.96
520,The Life and Adventures of Santa Claus,"Baum, L. Frank (Lyman Frank)",42,Children's Literature/Christmas,80.49646903,6,A2,3.89
419,The Magic of Oz,"Baum, L. Frank (Lyman Frank)",42,Children's Literature/Fantasy,82.18750988,6,A2,3.94
955,The Patchwork Girl of Oz,"Baum, L. Frank (Lyman Frank)",42,Children's Literature/Fantasy,85.89185219,6,A2,3.89
485,The Road to Oz,"Baum, L. Frank (Lyman Frank)",42,Children's Literature/Fantasy,82.7299295,6,A2,3.77
957,The Scarecrow of Oz,"Baum, L. Frank (Lyman Frank)",42,Children's Literature/Fantasy,83.28293322,6,A2,3.82
4358,The Sea Fairies,"Baum, L. Frank (Lyman Frank)",42,Fantasy/Children's Literature,83.84723644,6,A2,3.74
16259,The Surprising Adventures of the Magical Monarch of Mo and His People,"Baum, L. Frank (Lyman Frank)",42,Children's Literature/Fantasy,80.38828299,6,A2,3.86
55,The Wonderful Wizard of Oz,"Baum, L. Frank (Lyman Frank)",42,Children's Literature/Fantasy,87.32791274,6,A2,3.98
956,Tik-Tok of Oz,"Baum, L. Frank (Lyman Frank)",42,Children's Literature/Fantasy,80.70715782,6,A2,3.83
11,Alice's Adventures in Wonderland,"Carroll, Lewis",7,Children's Literature,87.0674986,6,A2,4
28696,Symbolic Logic,"Carroll, Lewis",7,Philosophy,87.62732683,6,A2,3.89
4763,The Game of Logic,"Carroll, Lewis",7,Philosophy,89.41132441,6,A2,3.57
13,The Hunting of the Snark: An Agony in Eight Fits,"Carroll, Lewis",7,Children's Literature,81.15896555,6,A2,4.67
12,Through the Looking-Glass,"Carroll, Lewis",7,Children's Literature/Best Books Ever Listings,87.97808229,6,A2,4.06
7986,"Plays by Anton Chekhov, Second Series","Chekhov, Anton Pavlovich",708,One Act Plays,88.26926692,6,A2,3.98
1155,The Secret Adversary,"Christie, Agatha",451,Detective Fiction,84.01775458,6,A2,3.82
5658,Lord Jim,"Conrad, Joseph",125,Best Books Ever Listings,80.4482634,6,A2,3.61
1008,"Divine Comedy, Cary's Translation, Complete",Dante Alighieri,507,Italy/Harvard Classics,83.00578432,6,A2,4.06
8800,"The Divine Comedy by Dante, Illustrated",Dante Alighieri,507,Best Books Ever Listings/Italy,82.5416756,6,A2,4.35
32522,Mr. Spaceship,"Dick, Philip K.",33399,Science Fiction,87.15912381,6,A2,3.51
32832,Piper in the Woods,"Dick, Philip K.",33399,Science Fiction,88.62162012,6,A2,3.57
28698,The Crystal Crypt,"Dick, Philip K.",33399,Science Fiction,87.63157309,6,A2,3.51
28767,The Defenders,"Dick, Philip K.",33399,Science Fiction,86.01799061,6,A2,3.97
29132,The Gun,"Dick, Philip K.",33399,Science Fiction,89.93404232,6,A2,4.18
32154,The Variable Man,"Dick, Philip K.",33399,Science Fiction,82.4814172,6,A2,3.75
40964,Tony and the Beetles,"Dick, Philip K.",33399,Science Fiction,87.21660878,6,A2,3.38
19337,A Christmas Carol,"Dickens, Charles",37,Christmas/Children's Literature,84.92333279,6,A2,4.03
20795,The Cricket on the Hearth,"Dickens, Charles",37,Children's Literature,81.81654946,6,A2,3.42
2350,His Last Bow: An Epilogue of Sherlock Holmes,"Doyle, Arthur Conan",69,Detective Fiction,82.84156633,6,A2,4.29
5148,Rodney Stone,"Doyle, Arthur Conan",69,Historical Fiction,81.03320171,6,A2,3.7
2346,The Adventure of the Bruce-Partington Plans,"Doyle, Arthur Conan",69,Detective Fiction,81.22237577,6,A2,3
2344,The Adventure of the Cardboard Box,"Doyle, Arthur Conan",69,Detective Fiction,80.79854026,6,A2,3.73
2347,The Adventure of the Dying Detective,"Doyle, Arthur Conan",69,Detective Fiction,85.47353808,6,A2,4.04
2345,The Adventure of the Red Circle,"Doyle, Arthur Conan",69,Detective Fiction,83.5844393,6,A2,3.74
1644,The Adventures of Gerard,"Doyle, Arthur Conan",69,Historical Fiction,83.54114181,6,A2,3.79
1661,The Adventures of Sherlock Holmes,"Doyle, Arthur Conan",69,Banned Books from Anne Haight's list/Detective Fiction/Contemporary Reviews,81.22977392,6,A2,4.3
2348,The Disappearance of Lady Frances Carfax,"Doyle, Arthur Conan",69,Detective Fiction,80.71065867,6,A2,3.83
11656,The Great Shadow and Other Napoleonic Tales,"Doyle, Arthur Conan",69,Historical Fiction,87.09507552,6,A2,2.93
2852,The Hound of the Baskervilles,"Doyle, Arthur Conan",69,"Detective Fiction/Bestsellers, American, 1895-1923",81.00420326,6,A2,4.09
11413,"The Refugees
A Tale of Two Continents","Doyle, Arthur Conan",69,Historical Fiction,83.564065,6,A2,3.61
108,The Return of Sherlock Holmes,"Doyle, Arthur Conan",69,Detective Fiction,80.87268691,6,A2,4.31
2097,The Sign of the Four,"Doyle, Arthur Conan",69,Detective Fiction,81.92501706,6,A2,3.95
3289,The Valley of Fear,"Doyle, Arthur Conan",69,Detective Fiction,83.54279087,6,A2,3.98
903,The White Company,"Doyle, Arthur Conan",69,Historical Fiction,82.8190131,6,A2,3.88
1259,Twenty Years After,"Dumas, Alexandre",492,Historical Fiction/Movie Books/Adventure,81.10071442,6,A2,4.01
1952,The Yellow Wallpaper,"Gilman, Charlotte Perkins",27,Gothic Fiction,85.09043702,6,A2,4.02
1945,Egmont,"Goethe, Johann Wolfgang von",586,Harvard Classics,81.75222615,6,A2,3.44
14591,Faust,"Goethe, Johann Wolfgang von",586,Best Books Ever Listings/Harvard Classics/Banned Books from Anne Haight's list,81.39130472,6,A2,3.97
15850,Iphigenia in Tauris,"Goethe, Johann Wolfgang von",586,Contemporary Reviews,81.44695017,6,A2,4.13
3160,The Odyssey,Homer,705,Harvard Classics/Banned Books from Anne Haight's list/Classical Antiquity,81.39662358,6,A2,3.73
8121,Ghosts,"Ibsen, Henrik",861,Banned Books from Anne Haight's list,87.97640907,6,A2,3.88
209,The Turn of the Screw,"James, Henry",113,Opera/Best Books Ever Listings/Gothic Fiction/Horror,81.17552222,6,A2,3.45
2781,Just So Stories,"Kipling, Rudyard",132,Children's Literature/Scouts,83.91225609,6,A2,4.1
2226,Kim,"Kipling, Rudyard",132,Scouts/Movie Books/Adventure/Children's Literature,83.01773985,6,A2,3.72
236,The Jungle Book,"Kipling, Rudyard",132,Movie Books/Scouts/Children's Literature/Contemporary Reviews,86.2758644,6,A2,3.94
1937,The Second Jungle Book,"Kipling, Rudyard",132,Children's Literature/Scouts,85.27123675,6,A2,3.82
2334,The Works of Rudyard Kipling: One Volume Edition,"Kipling, Rudyard",132,Scouts,82.76763383,6,A2,4.14
21777,The Years Between,"Kipling, Rudyard",132,"Bestsellers, American, 1895-1923",83.16620652,6,A2,4.08
1645,Rhymes a la Mode,"Lang, Andrew",79,Bibliomania,81.96934468,6,A2,4.5
503,The Blue Fairy Book,"Lang, Andrew",79,Children's Literature,81.75157004,6,A2,4.07
3282,The Brown Fairy Book,"Lang, Andrew",79,Children's Literature,85.0907514,6,A2,4.13
2435,The Crimson Fairy Book,"Lang, Andrew",79,Children's Literature,85.43718503,6,A2,4.16
3454,The Lilac Fairy Book,"Lang, Andrew",79,Children's Literature,85.20521664,6,A2,4.12
3027,The Orange Fairy Book,"Lang, Andrew",79,Children's Literature,85.81444678,6,A2,4.19
5615,The Pink Fairy Book,"Lang, Andrew",79,Children's Literature,87.41406667,6,A2,4.11
641,The Violet Fairy Book,"Lang, Andrew",79,Children's Literature,86.62489306,6,A2,4.15
640,The Yellow Fairy Book,"Lang, Andrew",79,Children's Literature,84.0405029,6,A2,4.17
10736,Children of the Frost,"London, Jack",120,Native America,85.35753219,6,A2,3.67
910,White Fang,"London, Jack",120,Movie Books/Adventure,81.06299054,6,A2,3.94
36462,King Arthur and the Knights of the Round Table,"Malory, Thomas, Sir",573,Arthurian Legends,81.57219637,6,A2,4.04
12384,Battle-Pieces and Aspects of the War,"Melville, Herman",9,US Civil War,80.13131388,6,A2,3.64
47,Anne of Avonlea,"Montgomery, L. M. (Lucy Maud)",36,Children's Literature,85.62346353,6,A2,4.21
45,Anne of Green Gables,"Montgomery, L. M. (Lucy Maud)",36,Children's Literature,81.8743567,6,A2,4.23
51,Anne of the Island,"Montgomery, L. M. (Lucy Maud)",36,Children's Literature,84.08302953,6,A2,4.21
544,Anne's House of Dreams,"Montgomery, L. M. (Lucy Maud)",36,Children's Literature,83.59955701,6,A2,4.12
5340,Further Chronicles of Avonlea,"Montgomery, L. M. (Lucy Maud)",36,Children's Literature,82.81472601,6,A2,3.84
5341,Kilmeny of the Orchard,"Montgomery, L. M. (Lucy Maud)",36,Children's Literature,81.77875366,6,A2,3.68
5343,Rainbow Valley,"Montgomery, L. M. (Lucy Maud)",36,Children's Literature,84.27880527,6,A2,4.01
316,The Golden Road,"Montgomery, L. M. (Lucy Maud)",36,Children's Literature,81.69116154,6,A2,3.94
5342,The Story Girl,"Montgomery, L. M. (Lucy Maud)",36,Children's Literature,82.19985928,6,A2,3.97
582,A Collection of Beatrix Potter Stories,"Potter, Beatrix",292,Children's Picture Books,83.6827277,6,A2,4.4
572,The Great Big Treasury of Beatrix Potter,"Potter, Beatrix",292,Children's Picture Books,84.39285998,6,A2,4.18
15284,The Tale of Johnny Town-Mouse,"Potter, Beatrix",292,Children's Picture Books,81.16641897,6,A2,3.98
15077,The Tale of Mr. Jeremy Fisher,"Potter, Beatrix",292,Children's Picture Books,81.31861012,6,A2,4.16
19805,The Tale of Mr. Tod,"Potter, Beatrix",292,Children's Picture Books,81.96564293,6,A2,3.91
12103,The Tale of Mrs. Tiggy-Winkle,"Potter, Beatrix",292,Children's Picture Books,83.41290698,6,A2,4.2
15234,The Tale of the Pie and the Patty Pan,"Potter, Beatrix",292,Children's Picture Books,83.95058429,6,A2,3.9
1531,"Othello, the Moor of Venice","Shakespeare, William",65,Best Books Ever Listings,87.4744879,6,A2,4.18
100,The Complete Works of William Shakespeare,"Shakespeare, William",65,Plays,89.82857813,6,A2,4.83
1515,The Merchant of Venice,"Shakespeare, William",65,Banned Books from Anne Haight's list,89.49726287,6,A2,3.79
3487,Augustus Does His Bit: A True-to-Life Farce,"Shaw, Bernard",467,One Act Plays,83.93253624,6,A2,3.69
3544,How He Lied to Her Husband,"Shaw, Bernard",467,One Act Plays,83.53509432,6,A2,3.62
1097,Mrs. Warren's Profession,"Shaw, Bernard",467,Banned Books from Anne Haight's list,81.18648558,6,A2,3.66
3830,Overruled,"Shaw, Bernard",467,One Act Plays,80.0063695,6,A2,3.83
3825,Pygmalion,"Shaw, Bernard",467,Plays,84.04376101,6,A2,3.9
3486,The Inca of Perusalem: An Almost Historical Comedietta,"Shaw, Bernard",467,One Act Plays,80.47434123,6,A2,3.16
19722,A Child's Garden of Verses,"Stevenson, Robert Louis",35,Children's Picture Books/Children's Literature/Children's Verse,82.80770081,6,A2,4.3
589,Catriona,"Stevenson, Robert Louis",35,Adventure/Historical Fiction,85.47434912,6,A2,3.77
421,Kidnapped,"Stevenson, Robert Louis",35,"Best Books Ever Listings/Pirates, Buccaneers, Corsairs, etc./Movie Books/Children's Literature/Historical Fiction/Adventure",87.20182029,6,A2,3.78
441,"New Poems, and Variant Readings","Stevenson, Robert Louis",35,Bibliomania,84.27321344,6,A2,2
322,St. Ives: Being the Adventures of a French Prisoner in England,"Stevenson, Robert Louis",35,Historical Fiction,80.67952602,6,A2,3.65
120,Treasure Island,"Stevenson, Robert Louis",35,Best Books Ever Listings/Historical Fiction/Children's Literature,86.90142488,6,A2,3.82
3781,The Jewel of Seven Stars,"Stoker, Bram",190,Horror,81.11474243,6,A2,3.4
2520,The Man,"Stoker, Bram",190,Horror,84.96307655,6,A2,3.73
86,A Connecticut Yankee in King Arthur's Court,"Twain, Mark",53,Precursors of Science Fiction/Arthurian Legends,81.05803932,6,A2,3.76
3186,"The Mysterious Stranger, and Other Stories","Twain, Mark",53,Best Books Ever Listings,81.52159395,6,A2,4.04
873,A House of Pomegranates,"Wilde, Oscar",111,Opera,83.27577973,6,A2,3.92
854,A Woman of No Importance,"Wilde, Oscar",111,Plays,84.43724237,6,A2,3.87
885,An Ideal Husband,"Wilde, Oscar",111,Plays,88.62849448,6,A2,4.03
902,"The Happy Prince, and Other Tales","Wilde, Oscar",111,Children's Literature,86.02450972,6,A2,4.14
844,The Importance of Being Earnest: A Trivial Comedy for Serious People,"Wilde, Oscar",111,Plays,82.00539528,6,A2,5
174,The Picture of Dorian Gray,"Wilde, Oscar",111,Movie Books/Gothic Fiction,82.50153193,6,A2,4.06
2233,A Damsel in Distress,"Wodehouse, P. G. (Pelham Grenville)",783,Humor,81.38176277,6,A2,4.06
6985,A Prefect's Uncle,"Wodehouse, P. G. (Pelham Grenville)",783,School Stories/Humor,80.85328041,6,A2,3.45
8176,"Death at the Excelsior, and Other Stories","Wodehouse, P. G. (Pelham Grenville)",783,Humor,82.97652767,6,A2,3.72
3756,Indiscretions of Archie,"Wodehouse, P. G. (Pelham Grenville)",783,Humor,81.33794008,6,A2,3.87
20533,Jill the Reckless,"Wodehouse, P. G. (Pelham Grenville)",783,Humor,82.02996696,6,A2,3.99
3829,Love Among the Chickens,"Wodehouse, P. G. (Pelham Grenville)",783,Humor,83.66381101,6,A2,3.75
7423,Mike,"Wodehouse, P. G. (Pelham Grenville)",783,School Stories/Humor,83.85173261,6,A2,4.14
10586,Mike and Psmith,"Wodehouse, P. G. (Pelham Grenville)",783,School Stories/Humor,83.57091857,6,A2,4.04
8164,My Man Jeeves,"Wodehouse, P. G. (Pelham Grenville)",783,Humor,88.32916473,6,A2,4.13
2005,Piccadilly Jim,"Wodehouse, P. G. (Pelham Grenville)",783,Best Books Ever Listings/Humor,81.4615188,6,A2,4.01
2607,"Psmith, Journalist","Wodehouse, P. G. (Pelham Grenville)",783,Humor,80.56685027,6,A2,4.03
10554,"Right Ho, Jeeves","Wodehouse, P. G. (Pelham Grenville)",783,Humor,83.84660374,6,A2,4.31
7464,The Adventures of Sally,"Wodehouse, P. G. (Pelham Grenville)",783,Humor,80.35228749,6,A2,3.76
7028,The Clicking of Cuthbert,"Wodehouse, P. G. (Pelham Grenville)",783,Humor,80.89338017,6,A2,3.94
6880,The Coming of Bill,"Wodehouse, P. G. (Pelham Grenville)",783,Humor,82.99640181,6,A2,3.61
8931,The Gem Collector,"Wodehouse, P. G. (Pelham Grenville)",783,Humor,85.7533037,6,A2,3.68
6879,The Gold Bat,"Wodehouse, P. G. (Pelham Grenville)",783,Humor/School Stories,82.46326086,6,A2,3.63
6877,The Head of Kay's,"Wodehouse, P. G. (Pelham Grenville)",783,School Stories/Humor,81.51684125,6,A2,3.56
4075,The Intrusion of Jimmy,"Wodehouse, P. G. (Pelham Grenville)",783,Humor,84.67633543,6,A2,3.93
6683,The Little Nugget,"Wodehouse, P. G. (Pelham Grenville)",783,Humor,83.41536154,6,A2,3.73
6768,The Man Upstairs and Other Stories,"Wodehouse, P. G. (Pelham Grenville)",783,Humor,82.63089202,6,A2,3.89
7471,"The Man with Two Left Feet, and Other Stories","Wodehouse, P. G. (Pelham Grenville)",783,Humor,84.98884619,6,A2,3.85
8178,"The Politeness of Princes, and Other School Stories","Wodehouse, P. G. (Pelham Grenville)",783,School Stories/Humor,82.76677688,6,A2,3.64
6984,The Pothunters,"Wodehouse, P. G. (Pelham Grenville)",783,Humor/School Stories,83.9120618,6,A2,3.59
6955,The Prince and Betty,"Wodehouse, P. G. (Pelham Grenville)",783,Humor,81.89686203,6,A2,3.5
6927,The White Feather,"Wodehouse, P. G. (Pelham Grenville)",783,School Stories/Humor,84.26056898,6,A2,3.72
6836,Three Men and a Maid,"Wodehouse, P. G. (Pelham Grenville)",783,Humor,82.41012193,6,A2,3.79
6684,Uneasy Money,"Wodehouse, P. G. (Pelham Grenville)",783,Humor,81.06808768,6,A2,4.03
7298,William Tell Told Again,"Wodehouse, P. G. (Pelham Grenville)",783,Humor,87.06095748,6,A2,3.44
5830,A Garland for Girls,"Alcott, Louisa May",102,Children's Literature,76.86620012,7,B1,3.72
3806,"A Modern Cinderella; Or, The Little Old Shoe, and Other Stories","Alcott, Louisa May",102,Children's Literature,74.61959932,7,B1,4
2726,Eight Cousins,"Alcott, Louisa May",102,Children's Literature,79.14271245,7,B1,4.02
2786,Jack and Jill,"Alcott, Louisa May",102,Children's Literature,78.92638717,7,B1,3.82
3499,Jo's Boys,"Alcott, Louisa May",102,Children's Literature/School Stories,79.78375308,7,B1,3.81
10360,Kitty's Class Day and Other Stories,"Alcott, Louisa May",102,Children's Literature,79.30515186,7,B1,3.56
514,Little Women,"Alcott, Louisa May",102,Children's Literature,77.13734745,7,B1,4.04
121,Northanger Abbey,"Austen, Jane",68,Gothic Fiction,71.98243507,7,B1,3.8
1342,Pride and Prejudice,"Austen, Jane",68,Best Books Ever Listings/Harvard Classics,71.27141634,7,B1,4.25
1921,The Chouans,"Balzac, Honoré de",251,Historical Fiction,73.94834911,7,B1,3.57
342,Margaret Ogilvy,"Barrie, J. M. (James Matthew)",10,"Bestsellers, American, 1895-1923",79.75169084,7,B1,3.88
519,A Kidnapped Santa Claus,"Baum, L. Frank (Lyman Frank)",42,Christmas/Children's Literature,76.24929604,7,B1,3.28
5660,Mary Louise,"Baum, L. Frank (Lyman Frank)",42,Fantasy/Children's Literature/Children's Book Series,77.15041545,7,B1,3.41
21876,Mary Louise and the Liberty Girls,"Baum, L. Frank (Lyman Frank)",42,Children's Book Series,73.79746296,7,B1,2.87
24578,Mary Louise Solves a Mystery,"Baum, L. Frank (Lyman Frank)",42,Children's Book Series,75.34305145,7,B1,3.75
25581,Rinkitink in Oz,"Baum, L. Frank (Lyman Frank)",42,Children's Literature,76.26006048,7,B1,3.85
958,"Rinkitink in Oz
Wherein Is Recorded the Perilous Quest of Prince Inga of Pingaree and King Rinkitink in the Magical Isles That Lie Beyond the Borderland of Oz","Baum, L. Frank (Lyman Frank)",42,Fantasy,76.70459109,7,B1,3.85
959,The Lost Princess of Oz,"Baum, L. Frank (Lyman Frank)",42,Fantasy,79.81205359,7,B1,3.93
54,The Marvelous Land of Oz,"Baum, L. Frank (Lyman Frank)",42,Children's Literature/Fantasy,79.61778997,7,B1,3.83
436,The Master Key: An Electrical Fairy Tale Founded Upon the Mysteries of Electricity,"Baum, L. Frank (Lyman Frank)",42,Fantasy/Children's Literature,73.57248035,7,B1,4
21914,The Woggle-Bug Book,"Baum, L. Frank (Lyman Frank)",42,Children's Literature,73.95415044,7,B1,2.85
5661,"A Son of the Gods, and A Horseman in the Sky","Bierce, Ambrose",206,US Civil War,71.23584025,7,B1,3.65
375,An Occurrence at Owl Creek Bridge,"Bierce, Ambrose",206,Horror/US Civil War,75.54467879,7,B1,4.02
30486,Shirley,"Brontë, Charlotte",408,Historical Fiction,79.10107118,7,B1,3.72
123,At the Earth's Core,"Burroughs, Edgar Rice",48,Science Fiction,71.39516484,7,B1,3.76
106,Jungle Tales of Tarzan,"Burroughs, Edgar Rice",48,Movie Books/Adventure,72.91329612,7,B1,3.7
553,Out of Time's Abyss,"Burroughs, Edgar Rice",48,Science Fiction,75.48352468,7,B1,3.64
605,Pellucidar,"Burroughs, Edgar Rice",48,Science Fiction,73.26230437,7,B1,3.78
92,Tarzan and the Jewels of Opar,"Burroughs, Edgar Rice",48,Adventure/Movie Books,70.29225837,7,B1,3.82
78,Tarzan of the Apes,"Burroughs, Edgar Rice",48,Adventure/Movie Books,73.16279062,7,B1,3.88
2020,Tarzan the Terrible,"Burroughs, Edgar Rice",48,Adventure/Movie Books,70.99196481,7,B1,3.79
1401,Tarzan the Untamed,"Burroughs, Edgar Rice",48,Adventure/Movie Books,70.39605391,7,B1,3.81
85,The Beasts of Tarzan,"Burroughs, Edgar Rice",48,Adventure/Movie Books,70.14212782,7,B1,3.74
1153,The Chessmen of Mars,"Burroughs, Edgar Rice",48,Science Fiction,76.96486486,7,B1,3.82
64,The Gods of Mars,"Burroughs, Edgar Rice",48,Science Fiction,74.46954789,7,B1,3.86
149,The Lost Continent,"Burroughs, Edgar Rice",48,Science Fiction,71.22848164,7,B1,3.83
96,The Monster Men,"Burroughs, Edgar Rice",48,Science Fiction,70.07096088,7,B1,4.25
369,The Outlaw of Torn,"Burroughs, Edgar Rice",48,Science Fiction,76.06688644,7,B1,3.98
552,The People That Time Forgot,"Burroughs, Edgar Rice",48,Science Fiction,73.38391322,7,B1,3.7
90,The Son of Tarzan,"Burroughs, Edgar Rice",48,Adventure/Contemporary Reviews/Movie Books,76.86577711,7,B1,3.77
72,"Thuvia, Maid of Mars","Burroughs, Edgar Rice",48,Science Fiction,75.65749987,7,B1,3.75
29042,A Tangled Tale,"Carroll, Lewis",7,Mathematics,79.81613744,7,B1,3.27
35993,The History of Don Quixote de la Mancha,"Cervantes Saavedra, Miguel de",505,Best Books Ever Listings,72.46227722,7,B1,3.86
24754,Wit and Wisdom of Don Quixote,"Cervantes Saavedra, Miguel de",505,Humor/Best Books Ever Listings,72.55547333,7,B1,4.6
1753,Swan Song,"Chekhov, Anton Pavlovich",708,One Act Plays,78.64619707,7,B1,4.28
204,The Innocence of Father Brown,"Chesterton, G. K. (Gilbert Keith)",80,Detective Fiction,77.61610785,7,B1,3.86
1695,The Man Who Was Thursday: A Nightmare,"Chesterton, G. K. (Gilbert Keith)",80,Best Books Ever Listings,77.43642763,7,B1,3.85
223,The Wisdom of Father Brown,"Chesterton, G. K. (Gilbert Keith)",80,Detective Fiction,76.20113361,7,B1,3.89
155,The Moonstone,"Collins, Wilkie",98,Detective Fiction/Mystery Fiction,76.63558502,7,B1,3.9
583,The Woman in White,"Collins, Wilkie",98,Mystery Fiction,73.17266249,7,B1,3.98
219,Heart of Darkness,"Conrad, Joseph",125,Best Books Ever Listings/Movie Books,77.93517813,7,B1,3.42
2021,Nostromo: A Tale of the Seaboard,"Conrad, Joseph",125,Best Books Ever Listings,70.89161089,7,B1,3.5
1083,The Arrow of Gold: A Story Between Two Notes,"Conrad, Joseph",125,"Bestsellers, American, 1895-1923",79.17299806,7,B1,3.48
974,The Secret Agent: A Simple Tale,"Conrad, Joseph",125,Mystery Fiction,71.72558284,7,B1,3.59
1004,"Divine Comedy, Longfellow's Translation, Complete",Dante Alighieri,507,Italy/Harvard Classics,77.26418205,7,B1,4.06
41085,The New Life (La Vita Nuova),Dante Alighieri,507,Italy,76.18364906,7,B1,3.5
561,The Further Adventures of Robinson Crusoe,"Defoe, Daniel",204,Best Books Ever Listings,73.82218952,7,B1,3.88
699,A Child's History of England,"Dickens, Charles",37,Children's History/United Kingdom,70.70780207,7,B1,3.75
98,A Tale of Two Cities,"Dickens, Charles",37,Historical Fiction,77.98220775,7,B1,3.82
23765,"Captain Boldheart & the Latin-Grammar Master
A Holiday Romance from the Pen of Lieut-Col. Robin Redforth, aged 9","Dickens, Charles",37,Children's Picture Books,72.22036612,7,B1,2.76
766,David Copperfield,"Dickens, Charles",37,Harvard Classics,78.63475151,7,B1,3.96
1400,Great Expectations,"Dickens, Charles",37,Best Books Ever Listings,78.77352832,7,B1,3.75
809,Holiday Romance,"Dickens, Charles",37,Children's Picture Books,79.70474752,7,B1,3.4
968,Martin Chuzzlewit,"Dickens, Charles",37,Best Books Ever Listings,78.89412805,7,B1,3.83
1467,Some Christmas Stories,"Dickens, Charles",37,Christmas,75.74153056,7,B1,3.27
23344,"The Magic Fishbone
A Holiday Romance from the Pen of Miss Alice Rainbird, Aged 7","Dickens, Charles",37,Children's Picture Books,77.89565269,7,B1,3.52
564,The Mystery of Edwin Drood,"Dickens, Charles",37,Mystery Fiction,76.25659551,7,B1,3.66
23452,"The Trial of William Tinkling
Written by Himself at the Age of 8 Years","Dickens, Charles",37,Children's Picture Books,77.30468467,7,B1,3.46
2554,Crime and Punishment,"Dostoyevsky, Fyodor",314,Best Books Ever Listings/Crime Fiction/Harvard Classics,78.51477478,7,B1,4.19
2638,The Idiot,"Dostoyevsky, Fyodor",314,Best Books Ever Listings,77.91916429,7,B1,4.18
23,"Narrative of the Life of Frederick Douglass, an American Slave","Douglass, Frederick",34510,Slavery/African American Writers,73.485955,7,B1,3.97
244,A Study in Scarlet,"Doyle, Arthur Conan",69,Detective Fiction,78.01606437,7,B1,4.15
9874,A Visit to Three Fronts: June 1916,"Doyle, Arthur Conan",69,World War I,73.3306864,7,B1,3.5
2349,The Adventure of the Devil's Foot,"Doyle, Arthur Conan",69,Detective Fiction,74.32718164,7,B1,3.99
2343,The Adventure of Wisteria Lodge,"Doyle, Arthur Conan",69,Detective Fiction,79.52123189,7,B1,3.92
139,The Lost World,"Doyle, Arthur Conan",69,Science Fiction,74.96248368,7,B1,3.73
834,The Memoirs of Sherlock Holmes,"Doyle, Arthur Conan",69,Detective Fiction,79.98147257,7,B1,4.32
126,The Poison Belt,"Doyle, Arthur Conan",69,Science Fiction,75.00070451,7,B1,3.55
15210,Darkwater: Voices from Within the Veil,"Du Bois, W. E. B. (William Edward Burghardt)",226,African American Writers,70.46186376,7,B1,4.24
2748,"Derues
Celebrated Crimes","Dumas, Alexandre",492,Crime Nonfiction,70.58857801,7,B1,3.67
2749,"La Constantin
Celebrated Crimes","Dumas, Alexandre",492,Crime Nonfiction,75.73394724,7,B1,3.25
2710,Louise de la Valliere,"Dumas, Alexandre",492,Adventure/Movie Books,77.08831575,7,B1,3.88
2756,"Marquise Brinvillier
Celebrated Crimes","Dumas, Alexandre",492,Crime Nonfiction,71.9029549,7,B1,3.01
2755,"Murat
Celebrated Crimes","Dumas, Alexandre",492,Napoleonic(Bookshelf)/Crime Nonfiction,76.47862949,7,B1,3.37
2747,"Nisida
Celebrated Crimes","Dumas, Alexandre",492,Crime Nonfiction,73.14198731,7,B1,4
2681,Ten Years Later,"Dumas, Alexandre",492,Adventure/Movie Books,75.39027773,7,B1,3.64
965,The Black Tulip,"Dumas, Alexandre",492,Historical Fiction,74.49514397,7,B1,3.78
7079,The Companions of Jehu,"Dumas, Alexandre",492,Historical Fiction,77.88081885,7,B1,3.88
1184,"The Count of Monte Cristo, Illustrated","Dumas, Alexandre",492,Adventure/Movie Books,75.40437062,7,B1,4.25
2754,"The Countess of Saint Geran
Celebrated Crimes","Dumas, Alexandre",492,Crime Nonfiction,71.02634013,7,B1,3.19
2759,The Man in the Iron Mask,"Dumas, Alexandre",492,Adventure/Movie Books,77.58248623,7,B1,3.97
1257,The Three Musketeers,"Dumas, Alexandre",492,Adventure/Best Books Ever Listings/Movie Books/Historical Fiction,78.32818339,7,B1,4.06
2609,The Vicomte De Bragelonne,"Dumas, Alexandre",492,Historical Fiction/Adventure/Movie Books,78.66357931,7,B1,3.95
2757,"Vaninka
Celebrated Crimes","Dumas, Alexandre",492,Crime Nonfiction,70.8184593,7,B1,3
507,Adam Bede,"Eliot, George",90,Banned Books from Anne Haight's list/Historical Fiction,77.10355579,7,B1,3.77
145,Middlemarch,"Eliot, George",90,Historical Fiction/Best Books Ever Listings,70.59254529,7,B1,3.94
6688,The Mill on the Floss,"Eliot, George",90,Harvard Classics,74.96485374,7,B1,3.78
2944,Essays — First Series,"Emerson, Ralph Waldo",1071,Harvard Classics,70.34591533,7,B1,4.19
16643,Essays by Ralph Waldo Emerson,"Emerson, Ralph Waldo",1071,Harvard Classics,71.26047301,7,B1,4.27
32,Herland,"Gilman, Charlotte Perkins",27,Best Books Ever Listings,75.56634023,7,B1,3.47
7889,Erotica Romana,"Goethe, Johann Wolfgang von",586,Erotic Fiction,75.90900359,7,B1,3.54
2527,The Sorrows of Young Werther,"Goethe, Johann Wolfgang von",586,Banned Books from Anne Haight's list/Opera/Harvard Classics,76.98234001,7,B1,3.63
153,Jude the Obscure,"Hardy, Thomas",23,Banned Books from Anne Haight's list,79.11631242,7,B1,3.81
9219,"Edward Fane's Rosebud (From ""Twice Told Tales"")","Hawthorne, Nathaniel",28,Children's Literature,73.89250917,7,B1,3.83
9218,"Footprints on the Sea-Shore (From ""Twice Told Tales"")","Hawthorne, Nathaniel",28,Children's Literature,74.31358915,7,B1,3.3
9202,"Little Annie's Ramble (From ""Twice Told Tales"")","Hawthorne, Nathaniel",28,Children's Literature,75.32611774,7,B1,3.9
9212,"Snow Flakes (From ""Twice Told Tales"")","Hawthorne, Nathaniel",28,Children's Literature,71.01899969,7,B1,2.5
9201,"Sunday at Home (From ""Twice Told Tales"")","Hawthorne, Nathaniel",28,Children's Literature,71.7179024,7,B1,3.9
976,Tanglewood Tales,"Hawthorne, Nathaniel",28,Children's Literature,73.8124371,7,B1,3.88
9217,"The Lily's Quest (From ""Twice Told Tales"")","Hawthorne, Nathaniel",28,Children's Literature,72.88149097,7,B1,2.2
9258,"The Miraculous Pitcher
(From: ""A Wonder-Book for Girls and Boys"")","Hawthorne, Nathaniel",28,Children's Literature,74.86267419,7,B1,3
9256,"The Paradise of Children
(From: ""A Wonder-Book for Girls and Boys"")","Hawthorne, Nathaniel",28,Children's Literature,77.52141588,7,B1,3.42
9257,"The Three Golden Apples
(From: ""A Wonder-Book for Girls and Boys"")","Hawthorne, Nathaniel",28,Children's Literature,75.66768162,7,B1,3.45
9210,"The Village Uncle (From ""Twice Told Tales"")","Hawthorne, Nathaniel",28,Children's Literature,71.33523111,7,B1,2.73
9207,"The Vision of the Fountain (From ""Twice Told Tales"")","Hawthorne, Nathaniel",28,Children's Literature,73.65616766,7,B1,2.86
9214,"The White Old Maid (From ""Twice Told Tales"")","Hawthorne, Nathaniel",28,Children's Literature,73.47039188,7,B1,2.75
15697,True Stories of History and Biography,"Hawthorne, Nathaniel",28,Children's History,71.52839199,7,B1,3.19
2199,The Iliad,Homer,705,Classical Antiquity,75.14905752,7,B1,3.83
24269,The Odyssey of Homer,Homer,705,Classical Antiquity/Poetry,76.31628484,7,B1,3.73
2610,Notre-Dame De Paris,"Hugo, Victor",85,Harvard Classics/Banned Books from Anne Haight's list/Movie Books,74.4820049,7,B1,4.08
4300,Ulysses,"Joyce, James",1039,Banned Books from Anne Haight's list/Erotic Fiction/Best Books Ever Listings,79.39551884,7,B1,3.74
5200,Metamorphosis,"Kafka, Franz",1735,Horror,74.85332804,7,B1,3.79
7849,The Trial,"Kafka, Franz",1735,Horror/Best Books Ever Listings,74.92709301,7,B1,3.99
1631,"A Monk of Fife
Being the Chronicle Written by Norman Leslie of Pitcullo, Concerning Marvellous Deeds That Befell in the Realm of France, in the Years of Our Redemption, MCCCCXXIX-XXXI","Lang, Andrew",79,Historical Fiction,79.24630647,7,B1,3.2
2022,Angling Sketches,"Lang, Andrew",79,Contemporary Reviews,76.07144951,7,B1,3
1594,Essays in Little,"Lang, Andrew",79,Contemporary Reviews,71.2992336,7,B1,3.98
28693,Tales of the Fish Patrol,"London, Jack",120,Animals-Wild,78.17583507,7,B1,3.77
215,The Call of the Wild,"London, Jack",120,Movie Books/Adventure/Banned Books from Anne Haight's list/Best Books Ever Listings/Animals-Domestic,79.61476676,7,B1,3.83
7114,"Une Vie, a Piece of String and Other Stories","Maupassant, Guy de",306,Banned Books from Anne Haight's list,78.49213116,7,B1,4
12841,John Marr and Other Poems,"Melville, Herman",9,US Civil War,76.4177975,7,B1,3.31
2489,"Moby Dick; Or, The Whale","Melville, Herman",9,Best Books Ever Listings,74.65522764,7,B1,3.47
1354,Chronicles of Avonlea,"Montgomery, L. M. (Lucy Maud)",36,Children's Literature,79.9093373,7,B1,3.91
3796,Rilla of Ingleside,"Montgomery, L. M. (Lucy Maud)",36,Children's Literature,79.5847224,7,B1,4.16
1656,Apology,Plato,93,Harvard Classics/Philosophy,72.26055515,7,B1,4.15
1657,Crito,Plato,93,Harvard Classics,78.40784685,7,B1,3.92
1642,Euthyphro,Plato,93,Philosophy,76.207244,7,B1,3.89
1635,Ion,Plato,93,Philosophy,78.8260812,7,B1,3.41
1658,Phaedo,Plato,93,Harvard Classics,70.03399806,7,B1,4.01
14848,The Story of Miss Moppet,"Potter, Beatrix",292,Children's Picture Books,76.65776224,7,B1,3.95
14868,The Tailor of Gloucester,"Potter, Beatrix",292,Children's Picture Books,79.34133293,7,B1,4.07
14407,The Tale of Benjamin Bunny,"Potter, Beatrix",292,Children's Picture Books,74.38106529,7,B1,4.28
14877,The Tale of Ginger and Pickles,"Potter, Beatrix",292,Children's Picture Books,74.66325435,7,B1,3.85
14814,The Tale of Jemima Puddle-Duck,"Potter, Beatrix",292,Children's Picture Books,77.26674496,7,B1,4.04
17089,The Tale of Mrs. Tittlemouse,"Potter, Beatrix",292,Children's Picture Books,77.30813071,7,B1,3.98
14304,The Tale of Peter Rabbit,"Potter, Beatrix",292,Children's Picture Books,72.42531596,7,B1,4.17
15575,"The Tale of Samuel Whiskers
Or, The Roly-Poly Pudding","Potter, Beatrix",292,Children's Picture Books,78.6510805,7,B1,4.05
14872,The Tale of Squirrel Nutkin,"Potter, Beatrix",292,Children's Picture Books,77.84273545,7,B1,4.03
14220,The Tale of the Flopsy Bunnies,"Potter, Beatrix",292,Children's Picture Books,76.16768671,7,B1,4.2
14797,The Tale of Timmy Tiptoes,"Potter, Beatrix",292,Children's Picture Books,78.9845006,7,B1,3.95
14837,The Tale of Tom Kitten,"Potter, Beatrix",292,Children's Picture Books,78.02677885,7,B1,4.09
28287,The Lady of the Lake,"Scott, Walter",59,Opera,78.21368395,7,B1,3.86
5723,Press Cuttings,"Shaw, Bernard",467,One Act Plays,79.30365835,7,B1,3.6
1050,The Dark Lady of the Sonnets,"Shaw, Bernard",467,One Act Plays,72.33730044,7,B1,3.32
14535,A Christmas Sermon,"Stevenson, Robert Louis",35,Christmas,74.11759578,7,B1,4.24
42,The Strange Case of Dr. Jekyll and Mr. Hyde,"Stevenson, Robert Louis",35,Horror/Movie Books/Precursors of Science Fiction/Gothic Fiction,79.3904214,7,B1,3.79
3095,The Lady of the Shroud,"Stoker, Bram",190,Horror,75.72652482,7,B1,3.18
1188,The Lair of the White Worm,"Stoker, Bram",190,Horror/Gothic Fiction,74.64586085,7,B1,2.9
1399,Anna Karenina,"Tolstoy, Leo, graf",136,Harvard Classics/Best Books Ever Listings/Movie Books,75.81924478,7,B1,4.03
689,The Kreutzer Sonata and Other Stories,"Tolstoy, Leo, graf",136,Banned Books from Anne Haight's list/Harvard Classics/Anarchism,76.4010603,7,B1,3.87
2600,War and Peace,"Tolstoy, Leo, graf",136,Napoleonic(Bookshelf)/Best Books Ever Listings/Opera/Historical Fiction/Movie Books,72.64070851,7,B1,4.11
27827,"The Kama Sutra of Vatsyayana
Translated From the Sanscrit in Seven Parts With Preface, Introduction and Concluding Remarks",Vatsyayana,5593,Erotic Fiction/Sociology/Banned Books from Anne Haight's list,71.16208271,7,B1,3.51
18857,A Journey to the Centre of the Earth,"Verne, Jules",60,Movie Books/Science Fiction,71.39793058,7,B1,3.57
103,Around the World in Eighty Days,"Verne, Jules",60,Movie Books/Adventure/Best Books Ever Listings,71.60323632,7,B1,3.91
3809,The Master of the World,"Verne, Jules",60,Movie Books,74.05661426,7,B1,3.48
1268,The Mysterious Island,"Verne, Jules",60,Science Fiction,71.47769026,7,B1,4.09
164,Twenty Thousand Leagues under the Sea,"Verne, Jules",60,Science Fiction,73.98389845,7,B1,3.87
19942,Candide,Voltaire,913,Banned Books from Anne Haight's list/Best Books Ever Listings,74.28573774,7,B1,3.76
18569,Voltaire's Philosophical Dictionary,Voltaire,913,Banned Books from Anne Haight's list,70.32361999,7,B1,4.2
14060,Mr. Britling Sees It Through,"Wells, H. G. (Herbert George)",30,"Bestsellers, American, 1895-1923/World War I",73.15271712,7,B1,3.61
27365,Tales of Space and Time,"Wells, H. G. (Herbert George)",30,Science Fiction,75.12108892,7,B1,3.85
159,The Island of Doctor Moreau,"Wells, H. G. (Herbert George)",30,Best Books Ever Listings/Science Fiction/Movie Books,79.18347854,7,B1,3.55
12163,"The Sleeper Awakes
A Revised Edition of When the Sleeper Wakes","Wells, H. G. (Herbert George)",30,Science Fiction,76.16041046,7,B1,3.43
12750,The Stolen Bacillus and Other Incidents,"Wells, H. G. (Herbert George)",30,Science Fiction,76.47499932,7,B1,3.7
35,The Time Machine,"Wells, H. G. (Herbert George)",30,Science Fiction/Movie Books,74.46915311,7,B1,3.87
36,The War of the Worlds,"Wells, H. G. (Herbert George)",30,Movie Books/Science Fiction,73.21417649,7,B1,3.8
718,Tono-Bungay,"Wells, H. G. (Herbert George)",30,Best Books Ever Listings,74.8238972,7,B1,3.44
1743,Twelve Stories and a Dream,"Wells, H. G. (Herbert George)",30,Science Fiction,77.85939669,7,B1,3.55
775,When the Sleeper Wakes,"Wells, H. G. (Herbert George)",30,Science Fiction,75.52544625,7,B1,3.43
541,The Age of Innocence,"Wharton, Edith",104,"Bestsellers, American, 1895-1923/Movie Books",73.39955808,7,B1,3.93
284,The House of Mirth,"Wharton, Edith",104,"Bestsellers, American, 1895-1923",71.72517512,7,B1,3.95
35725,"The Wound Dresser
A Series of Letters Written from the Hospitals in Washington during the War of the Rebellion","Whitman, Walt",600,US Civil War,76.42171348,7,B1,3.69
773,"Lord Arthur Savile's Crime; The Portrait of Mr. W.H., and Other Stories","Wilde, Oscar",111,Contemporary Reviews,73.59934626,7,B1,4
8713,A Man of Means,"Wodehouse, P. G. (Pelham Grenville)",783,Humor,76.64902728,7,B1,3.82
6753,Psmith in the City,"Wodehouse, P. G. (Pelham Grenville)",783,Humor,79.59824264,7,B1,4.06
2042,Something New,"Wodehouse, P. G. (Pelham Grenville)",783,Humor/Best Books Ever Listings,79.01469949,7,B1,3.92
6980,Tales of St. Austin's,"Wodehouse, P. G. (Pelham Grenville)",783,School Stories/Humor,79.09195395,7,B1,3.39
7050,"The Swoop! or, How Clarence Saved England: A Tale of the Great Invasion","Wodehouse, P. G. (Pelham Grenville)",783,Scouts/Humor,75.67212466,7,B1,3.27
3837,Hospital Sketches,"Alcott, Louisa May",102,US Civil War,69.70509335,8-9,B2,3.62
972,The Devil's Dictionary,"Bierce, Ambrose",206,Humor/Reference,62.58107149,8-9,B2,4.13
62,A Princess of Mars,"Burroughs, Edgar Rice",48,Best Books Ever Listings/Science Fiction,64.48036711,8-9,B2,3.8
68,Warlord of Mars,"Burroughs, Edgar Rice",48,Science Fiction,68.77502159,8-9,B2,3.86
6886,First Footsteps in East Africa,"Burton, Richard Francis, Sir",898,Africa/Banned Books from Anne Haight's list,65.54305088,8-9,B2,3.51
2400,"Vikram and the Vampire: Classic Hindu Tales of Adventure, Magic, and Romance","Burton, Richard Francis, Sir",898,India,69.54042369,8-9,B2,3.72
20897,A Short History of England,"Chesterton, G. K. (Gilbert Keith)",80,United Kingdom,62.75549936,8-9,B2,3.79
470,Heretics,"Chesterton, G. K. (Gilbert Keith)",80,Christianity,64.18034309,8-9,B2,3.77
130,Orthodoxy,"Chesterton, G. K. (Gilbert Keith)",80,Christianity,69.05614137,8-9,B2,4.21
11560,The Barbarism of Berlin,"Chesterton, G. K. (Gilbert Keith)",80,Germany,65.77441576,8-9,B2,3.41
13468,The New Jerusalem,"Chesterton, G. K. (Gilbert Keith)",80,Judaism,65.95881451,8-9,B2,3.71
27250,What I Saw in America,"Chesterton, G. K. (Gilbert Keith)",80,Travel,63.64983933,8-9,B2,3.78
5765,Insectivorous Plants,"Darwin, Charles",485,Botany,61.4421606,8-9,B2,3.62
3807,The Different Forms of Flowers on Plants of the Same Species,"Darwin, Charles",485,Botany,60.06485833,8-9,B2,3.28
2485,The Movements and Habits of Climbing Plants,"Darwin, Charles",485,Botany,61.82635026,8-9,B2,2.5
2871,The Variation of Animals and Plants under Domestication — Volume 1,"Darwin, Charles",485,Animals-Domestic/Botany,63.18249316,8-9,B2,3.12
28897,"The Variation of Animals and Plants Under Domestication, Volume II (of 2)","Darwin, Charles",485,Animals-Domestic,61.30814415,8-9,B2,2.67
944,The Voyage of the Beagle,"Darwin, Charles",485,Travel/Harvard Classics,64.51496826,8-9,B2,4.03
17221,History of the Plague in London,"Defoe, Daniel",204,Children's History/Historical Fiction,69.47214182,8-9,B2,3.41
12259,"Memoirs of a Cavalier
A Military Journal of the Wars in Germany, and the Wars in England.
From the Year 1632 to the Year 1648.","Defoe, Daniel",204,Historical Fiction/Germany,66.72659435,8-9,B2,3.15
31053,"The History of the Devil, As Well Ancient as Modern: In Two Parts","Defoe, Daniel",204,Banned Books from Anne Haight's list,66.13577971,8-9,B2,3.69
14065,"The History of the Remarkable Life of John Sheppard
Containing a Particular Account of His Many Robberies and Escapes","Defoe, Daniel",204,Crime Nonfiction,60.8352602,8-9,B2,2.5
8578,The Grand Inquisitor,"Dostoyevsky, Fyodor",314,Racism,68.38927446,8-9,B2,4.35
99,Collected Articles of Frederick Douglass,"Douglass, Frederick",34510,Slavery/African American Writers,61.96396501,8-9,B2,4.16
202,My Bondage and My Freedom,"Douglass, Frederick",34510,Slavery/African American Writers,68.68027017,8-9,B2,4.31
24951,"The War in South Africa, Its Cause and Conduct","Doyle, Arthur Conan",69,Boer War,60.36716858,8-9,B2,2.71
408,The Souls of Black Folk,"Du Bois, W. E. B. (William Edward Burghardt)",226,African American Writers,65.38550096,8-9,B2,4.25
17700,"The Suppression of the African Slave Trade to the United States of America
1638-1870","Du Bois, W. E. B. (William Edward Burghardt)",226,African American Writers/Africa,68.86759197,8-9,B2,4.11
2760,Celebrated Crimes (Complete),"Dumas, Alexandre",492,Crime Nonfiction,66.14001221,8-9,B2,3.26
2742,"Cenci
Celebrated Crimes","Dumas, Alexandre",492,Crime Nonfiction,61.8493366,8-9,B2,3.49
2750,"Joan of Naples
Celebrated Crimes","Dumas, Alexandre",492,Crime Nonfiction,66.3189166,8-9,B2,3.07
2745,"Karl Ludwig Sand
Celebrated Crimes","Dumas, Alexandre",492,Crime Nonfiction,68.10032631,8-9,B2,3.94
2758,"Marquise De Ganges
Celebrated Crimes","Dumas, Alexandre",492,Crime Nonfiction,64.25078418,8-9,B2,3.52
2752,"Martin Guerre
Celebrated Crimes","Dumas, Alexandre",492,Crime Nonfiction,69.6035174,8-9,B2,3.67
2945,Essays — Second Series,"Emerson, Ralph Waldo",1071,Harvard Classics,67.72306911,8-9,B2,3.76
6312,Representative Men: Seven Lectures,"Emerson, Ralph Waldo",1071,Biographies,66.8018061,8-9,B2,3.89
20203,Autobiography of Benjamin Franklin,"Franklin, Benjamin",92,Harvard Classics,63.64378549,8-9,B2,3.82
148,The Autobiography of Benjamin Franklin,"Franklin, Benjamin",92,Harvard Classics,62.96778289,8-9,B2,3.82
9216,"Beneath an Umbrella (From ""Twice Told Tales"")","Hawthorne, Nathaniel",28,Children's Literature,67.95675888,8-9,B2,3
9215,"Chippings with a Chisel (From ""Twice Told Tales"")","Hawthorne, Nathaniel",28,Children's Literature,60.58427662,8-9,B2,3.38
9208,"Fancy's Show-Box (From ""Twice Told Tales"")","Hawthorne, Nathaniel",28,Children's Literature,66.87802793,8-9,B2,3.17
9205,"Sights from a Steeple (From ""Twice Told Tales"")","Hawthorne, Nathaniel",28,Children's Literature,67.65153226,8-9,B2,3
9209,"The Haunted Mind (From ""Twice Told Tales"")","Hawthorne, Nathaniel",28,Children's Literature,67.69197496,8-9,B2,3.69
77,The House of the Seven Gables,"Hawthorne, Nathaniel",28,Best Books Ever Listings,64.63182952,8-9,B2,3.45
33,The Scarlet Letter,"Hawthorne, Nathaniel",28,Movie Books/Harvard Classics,64.516388,8-9,B2,3.37
9213,"The Seven Vagabonds (From ""Twice Told Tales"")","Hawthorne, Nathaniel",28,Children's Literature,60.68036047,8-9,B2,2.17
9211,"The Sister Years (From ""Twice Told Tales"")","Hawthorne, Nathaniel",28,Children's Literature,66.1536702,8-9,B2,3.62
9220,"The Threefold Destiny (From ""Twice Told Tales"")","Hawthorne, Nathaniel",28,Children's Literature,66.35662216,8-9,B2,3
9206,"The Toll Gatherer's Day (From ""Twice Told Tales"")","Hawthorne, Nathaniel",28,Children's Literature,68.42128194,8-9,B2,3.57
508,Twice-Told Tales,"Hawthorne, Nathaniel",28,Children's Literature,67.41755023,8-9,B2,3.9
3207,Leviathan,"Hobbes, Thomas",1133,Politics/Harvard Classics,69.08789114,8-9,B2,3.91
20580,Napoleon the Little,"Hugo, Victor",85,France/Banned Books from Anne Haight's list,69.43993647,8-9,B2,3.22
20656,Old Christmas From the Sketch Book of Washington Irving,"Irving, Washington",34,Christmas/Children's Picture Books,62.22022171,8-9,B2,5
41,The Legend of Sleepy Hollow,"Irving, Washington",34,Children's Literature/Harvard Classics,64.76729014,8-9,B2,3.74
15955,A Short History of Scotland,"Lang, Andrew",79,Children's History/United Kingdom,62.14509374,8-9,B2,3.17
1961,Books and Bookmen,"Lang, Andrew",79,Bibliomania,63.71228741,8-9,B2,3.29
14080,Custom and Myth,"Lang, Andrew",79,Mythology,62.32775288,8-9,B2,3.19
2018,The Library,"Lang, Andrew",79,Bibliomania,62.76961509,8-9,B2,3.72
3603,Widger's Quotations from the Project Gutenberg Editions of the Works of Guy de Maupassant,"Maupassant, Guy de",306,Project Gutenberg,64.13819637,8-9,B2,5
1497,The Republic,Plato,93,Philosophy,69.1666769,8-9,B2,3.91
1726,Theaetetus,Plato,93,Philosophy,69.03550163,8-9,B2,4.14
17192,The Raven,"Poe, Edgar Allan",481,Bibliomania,65.89945061,8-9,B2,4.05
23350,Cecily Parsley's Nursery Rhymes,"Potter, Beatrix",292,Children's Picture Books,67.21982759,8-9,B2,3.81
2590,Guy Mannering,"Scott, Walter",59,Harvard Classics/Historical Fiction,64.26425641,8-9,B2,3.74
82,Ivanhoe: A Romance,"Scott, Walter",59,Best Books Ever Listings/Historical Fiction,65.97891331,8-9,B2,3.75
1606,Kenilworth,"Scott, Walter",59,Historical Fiction,68.31926683,8-9,B2,3.65
5959,Peveril of the Peak,"Scott, Walter",59,Historical Fiction,64.47975468,8-9,B2,3.59
7853,Quentin Durward,"Scott, Walter",59,Historical Fiction,60.86344081,8-9,B2,3.77
20749,St. Ronan's Well,"Scott, Walter",59,Historical Fiction,64.1953508,8-9,B2,3.7
6407,The Abbot,"Scott, Walter",59,Historical Fiction,65.29019949,8-9,B2,3.65
7005,The Antiquary — Complete,"Scott, Walter",59,Historical Fiction,64.63415292,8-9,B2,4.11
6490,The Betrothed,"Scott, Walter",59,Historical Fiction,62.2643611,8-9,B2,3.76
1460,The Black Dwarf,"Scott, Walter",59,Historical Fiction,68.09132326,8-9,B2,3.48
471,The Bride of Lammermoor,"Scott, Walter",59,Historical Fiction/Opera,64.53745296,8-9,B2,3.59
6406,The Monastery,"Scott, Walter",59,Historical Fiction,63.38048434,8-9,B2,3.47
6428,The Surgeon's Daughter,"Scott, Walter",59,Historical Fiction,62.26534146,8-9,B2,3.67
1377,The Talisman,"Scott, Walter",59,Historical Fiction,64.94858544,8-9,B2,4.12
5722,The Shewing-up of Blanco Posnet,"Shaw, Bernard",467,Banned Books from Anne Haight's list,67.99145447,8-9,B2,3.82
84,"Frankenstein; Or, The Modern Prometheus","Shelley, Mary Wollstonecraft",61,Gothic Fiction/Movie Books/Precursors of Science Fiction/Science Fiction by Women,69.24714586,8-9,B2,4.25
18247,The Last Man,"Shelley, Mary Wollstonecraft",61,Science Fiction by Women/Precursors of Science Fiction,69.92349176,8-9,B2,4.11
1090,The Bickerstaff-Partridge Papers,"Swift, Jonathan",326,Banned Books from Anne Haight's list,67.37094778,8-9,B2,4.27
4738,Three Prayers and Sermons,"Swift, Jonathan",326,Christianity,62.0351912,8-9,B2,3.43
3177,Roughing It,"Twain, Mark",53,Travel,69.63835143,8-9,B2,3.89
16457,All Around the Moon,"Verne, Jules",60,Science Fiction,66.34147293,8-9,B2,5
83,"From the Earth to the Moon; and, Round the Moon","Verne, Jules",60,Science Fiction/Movie Books,66.74468453,8-9,B2,3.82
12901,The Moon-Voyage,"Verne, Jules",60,Science Fiction,65.59152386,8-9,B2,3.47
2445,Letters on England,Voltaire,913,Harvard Classics/United Kingdom,62.64794341,8-9,B2,3.76
1059,The World Set Free,"Wells, H. G. (Herbert George)",30,Science Fiction,63.88635123,8-9,B2,3.51
1322,Leaves of Grass,"Whitman, Walt",600,Banned Books from Anne Haight's list/Best Books Ever Listings/Poetry,61.88939115,8-9,B2,4.12
887,Intentions,"Wilde, Oscar",111,Contemporary Reviews,65.06443814,8-9,B2,4.13
3620,Geological Observations on South America,"Darwin, Charles",485,South America,53.60109295,>= 10 (high school),C1,3.62
2872,The Variation of Animals and Plants under Domestication — Volume 2,"Darwin, Charles",485,Botany/Animals-Domestic,57.6297182,>= 10 (high school),C1,2.67
3069,The Great Boer War,"Doyle, Arthur Conan",69,Boer War,59.54860051,>= 10 (high school),C1,3.5
15359,The Negro,"Du Bois, W. E. B. (William Edward Burghardt)",226,African American Writers,56.95056345,>= 10 (high school),C1,4.44
2753,"Ali Pacha
Celebrated Crimes","Dumas, Alexandre",492,Crime Nonfiction,57.89882963,>= 10 (high school),C1,3.41
2746,"Urbain Grandier
Celebrated Crimes","Dumas, Alexandre",492,Crime Nonfiction,56.70608631,>= 10 (high school),C1,3.82
1371,"Astoria; Or, Anecdotes of an Enterprise Beyond the Rocky Mountains","Irving, Washington",34,Western,59.78726857,>= 10 (high school),C1,2
1232,The Prince,"Machiavelli, Niccolò",563,Harvard Classics/Politics/Banned Books from Anne Haight's list/Philosophy,58.49003966,>= 10 (high school),C1,4.29
12004,Essays on some unsettled Questions of Political Economy,"Mill, John Stuart",1705,Philosophy,51.9593581,>= 10 (high school),C1,3.57
4363,Beyond Good and Evil,"Nietzsche, Friedrich Wilhelm",779,Atheism/Philosophy,50.81684133,>= 10 (high school),C1,4.01
19322,The Antichrist,"Nietzsche, Friedrich Wilhelm",779,Philosophy,58.48681136,>= 10 (high school),C1,4.2
4776,Political Ideals,"Russell, Bertrand",355,Politics/Philosophy,52.70972776,>= 10 (high school),C1,3.86
690,Proposed Roads to Freedom,"Russell, Bertrand",355,Philosophy,51.43395379,>= 10 (high school),C1,3.9
2529,The Analysis of Mind,"Russell, Bertrand",355,Philosophy,53.93657056,>= 10 (high school),C1,3.8
5827,The Problems of Philosophy,"Russell, Bertrand",355,Philosophy,56.89143168,>= 10 (high school),C1,3.91
1461,A Legend of Montrose,"Scott, Walter",59,Historical Fiction,59.62374998,>= 10 (high school),C1,3.49
2034,"Waverley; Or, 'Tis Sixty Years Since","Scott, Walter",59,Historical Fiction,59.39699686,>= 10 (high school),C1,2.5
1487,The Perfect Wagnerite: A Commentary on the Niblung's Ring,"Shaw, Bernard",467,Opera,57.40968194,>= 10 (high school),C1,3.76
4737,A Tale of a Tub,"Swift, Jonathan",326,Banned Books from Anne Haight's list/Best Books Ever Listings,57.53373306,>= 10 (high school),C1,3.55
1046,"God, the Invisible King","Wells, H. G. (Herbert George)",30,"Bestsellers, American, 1895-1923",59.45457628,>= 10 (high school),C1,3.2
10291,In the Fourth Year: Anticipations of a World Peace,"Wells, H. G. (Herbert George)",30,World War I,54.2175243,>= 10 (high school),C1,3.62
11289,What is Coming? A Forecast of Things after the War,"Wells, H. G. (Herbert George)",30,World War I,53.09410874,>= 10 (high school),C1,3.5
2009,"The Origin of Species by Means of Natural Selection
Or, the Preservation of Favoured Races in the Struggle for Life, 6th Edition","Darwin, Charles",485,Harvard Classics/Biology,46.53528189,>= 13 (college),C2,3.97
15,Moby Dick,"Melville, Herman",9,Best Books Ever Listings/Adventure,26.59986842,>= 16 (college graduate),C2,3.47
35421,"A System of Logic: Ratiocinative and Inductive, 7th Edition, Vol. II","Mill, John Stuart",1705,Philosophy,47.67319383,>= 13 (college),C2,2.82
16833,Auguste Comte and Positivism,"Mill, John Stuart",1705,Philosophy,43.41100445,>= 13 (college),C2,3.65
10378,Autobiography,"Mill, John Stuart",1705,Harvard Classics/Philosophy,48.5408546,>= 13 (college),C2,4.29
5669,Considerations on Representative Government,"Mill, John Stuart",1705,Politics/Philosophy,43.38045217,>= 13 (college),C2,3.77
34901,On Liberty,"Mill, John Stuart",1705,Philosophy,48.7163414,>= 13 (college),C2,3.94
11224,Utilitarianism,"Mill, John Stuart",1705,Philosophy,47.39855213,>= 13 (college),C2,3.65
18188,Homer and Classical Philology,"Nietzsche, Friedrich Wilhelm",779,Philosophy,44.38256238,>= 13 (college),C2,3.84
14461,Letters on Demonology and Witchcraft,"Scott, Walter",59,Witchcraft,48.89366823,>= 13 (college),C2,3.4